{
	"id": "010101",
	"name": {
		"en": "Arduino",
		"ko": "아두이노"
	},
	"description": {
		"connection": {
			"en": "Plug the bitBrick into your PC's USB port and turn its power switch on.",
			"ko": "비트브릭을 PC의 USB 단자에 연결하고 전원을 켜주세요."
		}
	},
	"icon" : "arduino.png",
	"module": "arduino.js",
	"driver": {
		"win32-ia32": "arduino/dpinst-x86.exe",
		"win32-x64": "arduino/dpinst-amd64.exe"
	},
	"firmware": "board",
	"protocol": "json",
	"buffersize": 17,
	"type": "serial",
	"options": {
		"vendor": "Arduino",
		"baudRate": 9600,
		"duration": 32
	}
}