{
	"id": "010201",
	"name": {
		"en": "Entry Sensor board",
		"ko": "엔트리 센서 보드"
	},
	"description": {
		"connection": {
			"en": "Plug the bitBrick into your PC's USB port and turn its power switch on.",
			"ko": "비트브릭을 PC의 USB 단자에 연결하고 전원을 켜주세요."
		}
	},
	"icon" : "entry.png",
	"module": "entry.js",
	"driver": {
		"win32-ia32": "compat/SETUP.exe",
		"win32-x64": "compat/SETUP.exe"
	},
	"firmware": "entry",
	"protocol": "json",
	"buffersize": 17,
	"type": "serial",
	"options": {
		"vendor": "wch.cn",
		"baudRate": 9600,
		"duration": 32
	}
}