{
	"id": "020402",
	"name": {
		"en": "Hamster",
		"ko": "햄스터"
	},
	"description": {
		"connection": {
			"en": "Plug a USB dongle into your PC's USB port and turn on the power switch of the Hamster robot.",
			"ko": "USB 동글을 PC의 USB 단자에 연결하고 햄스터 로봇의 전원을 켜주세요."
		}
	},
	"icon" : "hamster.png",
	"module": "hamster.js",
	"driver": {
		"win32-ia32": "CP210x_VCP_Windows/CP210xVCPInstaller_x86.exe",
		"win32-x64": "CP210x_VCP_Windows/CP210xVCPInstaller_x64.exe"
	},
	"level": 3,
	"protocol": "json",
	"type": "serial",
	"options": {
		"vendor": "Silicon Lab",
		"baudRate": 115200,
		"flowControl": "hardware",
		"delimiter": "\r"
	}
}