{
	"id": "010102",
	"name": {
		"en": "Orange Board",
		"ko": "오렌지 보드"
	},
	"description": {
		"connection": {
			"en": "Plug the orange board into your PC's USB port.",
			"ko": "오렌지 보드를 PC의 USB 단자에 연결해주세요."
		}
	},
	"icon" : "orange.png",
	"module": "arduino.js",
	"driver": {
		"win32-ia32": "ftdi/dpinst-x86.exe",
		"win32-x64": "ftdi/dpinst-amd64.exe"
	},
	"firmware": "board",
	"protocol": "json",
	"buffersize": 17,
	"type": "serial",
	"options": {
		"vendor": "FTDI",
		"baudRate": 9600,
		"duration": 32
	}
}
