{
	"id": "020501",
	"name": {
		"en": "Albert School Version",
		"ko": "알버트 스쿨 버전"
	},
	"icon" : "albertschool.png",
	"module": "albertschool.js",
	"url": "http://www.smartrobot.org",
	"driver": {
		"win32-ia32": "CP210x_VCP_Windows/CP210xVCPInstaller_x86.exe",
		"win32-x64": "CP210x_VCP_Windows/CP210xVCPInstaller_x64.exe"
	},
    "reconnect" : true,
	"entry": {
		"protocol": "json"
	},
	"hardware": {
		"type": "serial",
		"control": "master",
		"baudRate": 115200,
		"flowControl": "hardware",
		"delimiter": "\r"
	}
}
