{
	"id": "030101",
	"name": {
		"en": "bitBrick",
		"ko": "비트브릭"
	},
	"icon" : "bitbrick.png",
	"module": "bitbrick.js",
	"url": "http://hellogeeks.kr",
	"driver": {
        "win32-ia32": "CP210x_VCP_Windows/CP210xVCPInstaller_x86.exe",
        "win32-x64": "CP210x_VCP_Windows/CP210xVCPInstaller_x64.exe"
	},
    "reconnect" : false,
	"entry": {
		"protocol": "json"
	},
	"hardware": {
		"type": "serial",
		"control": "slave",
		"duration": 20,
		"baudRate": 38400
	}
}
