{
	"id": "010201",
	"name": {
		"en": "Entry Sensor board",
		"ko": "엔트리 센서 보드"
	},
	"icon" : "entry.png",
	"module": "entry.js",
	"url": "http://www.neweducation.co.kr",
	"driver": {
		"win32-ia32": "compat/SETUP.exe",
		"win32-x64": "compat/SETUP.exe"
	},
    "reconnect" : true,
	"firmware": "entry",
	"entry": {
		"protocol": "json"
	},
	"hardware": {
		"type": "serial",
		"control": "slave",
		"duration": 32,
		"vendor": "wch.cn",
		"baudRate": 9600,
		"firmwarecheck" : true
	}
}
