{
	"id": "020402",
	"name": {
		"en": "Hamster",
		"ko": "햄스터"
	},
	"icon" : "hamster.png",
	"module": "hamster.js",
	"url": "http://hamster.school",
	"driver": {
		"win32-ia32": "CP210x_VCP_Windows/CP210xVCPInstaller_x86.exe",
		"win32-x64": "CP210x_VCP_Windows/CP210xVCPInstaller_x64.exe"
	},
    "reconnect" : true,
	"entry": {
		"protocol": "json"
	},
	"hardware": {
		"type": "serial",
		"control": "master",
		"baudRate": 115200,
		"flowControl": "hardware",
		"delimiter": "\r"
	}
}
