{
	"id": "010102",
	"name": {
		"en": "Orange Board",
		"ko": "오렌지 보드"
	},
	"icon" : "orange.png",
	"module": "arduino.js",
	"url": "http://kocoafab.cc",
	"driver": {
		"win32-ia32": "ftdi/dpinst-x86.exe",
		"win32-x64": "ftdi/dpinst-amd64.exe"
	},
    "reconnect" : true,
	"firmware": "board",
	"entry": {
		"protocol": "json"
	},
	"hardware": {
		"type": "serial",
		"control": "slave",
		"duration": 32,
		"vendor": "FTDI",
		"baudRate": 9600,
		"firmwarecheck" : true
	}
}
